"question","answer"
"Who is at the top of the IPL 2026 points table?","Royal Challengers Bengaluru (RCB) finished at the top of the points table with 18 points and an NRR of +0.783."
"Which teams have qualified for the IPL 2026 playoffs?","As of the end of the group stage Royal Challengers Bengaluru, Gujarat Titans, and Sunrisers Hyderabad have officially qualified."
"Did Chennai Super Kings qualify for the playoffs in 2026?","No, Chennai Super Kings (CSK) were eliminated from the playoff race after their final league game against Gujarat Titans, finishing with 12 points."
"Is Mumbai Indians in the 2026 playoffs?","No, Mumbai Indians were one of the first teams to be eliminated from the IPL 2026 playoff race."
"Who has the Orange Cap in IPL 2026?","Sai Sudharsan of the Gujarat Titans currently holds the Orange Cap with 638 runs."
"Who is second on the top run-scorers list in 2026?","Shubman Gill of the Gujarat Titans is second on the list with 616 runs."
"Who has the Purple Cap in IPL 2026?","Bhuvneshwar Kumar from Royal Challengers Bengaluru holds the Purple Cap with 24 wickets."
"Who is the second highest wicket-taker in IPL 2026?","Kagiso Rabada of the Gujarat Titans is the second highest wicket-taker with 24 wickets, trailing only on economy rate."
"When is the IPL 2026 final?","The IPL 2026 Final is scheduled to be played on Sunday, May 31, 2026."
"Where will the IPL 2026 final be held?","The final will be hosted at the Narendra Modi Stadium in Ahmedabad."
"Where is Qualifier 1 being played this year?","Qualifier 1 between the top two teams will be played at the HPCA Stadium in Dharamshala on May 26, 2026."
"Where is the Eliminator match taking place?","The Eliminator match will be held at the Maharaja Yadavindra Singh International Cricket Stadium in New Chandigarh on May 27, 2026."
"What time do the IPL playoff matches start?","All playoff matches including the Final are scheduled to start at 7:30 PM IST."
"How many points did RCB get in the group stage?","Royal Challengers Bengaluru finished the group stage with 18 points from 9 wins and 5 losses."
"Who scored the most runs for Sunrisers Hyderabad in 2026?","Heinrich Klaasen is SRH's top scorer sitting high on the Orange Cap list with over 600 runs."
"What is the highest team score in IPL 2026?","Sunrisers Hyderabad posted a massive 255/4 against Royal Challengers Bengaluru."
"Did Virat Kohli score heavily in the SRH vs RCB match?","No, Virat Kohli was dismissed for 15 off 11 balls in the run chase against SRH."
"Who is the captain of Gujarat Titans in 2026?","Shubman Gill is the captain of the Gujarat Titans."
"How did Lucknow Super Giants perform this season?","Lucknow Super Giants struggled this season finishing near the bottom of the table with only 8 points and were eliminated early."
"What happens if an IPL match is rained out?","If a group stage match is rained out both teams share 1 point. Playoff matches have reserve days."
"How can I buy tickets for the IPL final?","Tickets for the IPL playoffs and final can be purchased online through BookMyShow, Paytm Insider, or the official IPL website."
"What is the price of an IPL playoff ticket?","Ticket prices for the playoffs generally start around 1000 rupees and can go up to 20000 rupees or more depending on the seating category."
"How many foreign players can play in an IPL team?","A maximum of four overseas players are allowed in a team's playing XI at any given time."
"Can an Impact Player be an overseas player?","An overseas player can only be subbed in as an Impact Player if the starting XI had three or fewer overseas players."
"Where can I watch the IPL 2026 playoffs live?","You can stream the IPL 2026 playoffs live on JioCinema or watch it on television via the Star Sports Network."
"Who won the last match between SRH and RCB?","Sunrisers Hyderabad defeated Royal Challengers Bengaluru by 55 runs after posting 255/4."
"Who is leading the bowling attack for CSK?","Anshul Kamboj has been the standout bowler for CSK this season taking 21 wickets in the group stage."
"What is the Impact Player rule?","The Impact Player rule allows a team to substitute one player during a match at any natural break to bring in a specialist batter or bowler."
"Who is the captain of Royal Challengers Bengaluru?","Rajat Patidar has taken on leadership responsibilities famously top-scoring with 56 in the recent match against SRH."
"How many points did Gujarat Titans finish with?","Gujarat Titans finished the group stage tied for first with 18 points but placed second due to a slightly lower Net Run Rate than RCB."
"Why did RCB finish above SRH if they both have 18 points?","RCB finished first because they had a superior Net Run Rate of +0.783 compared to SRH's +0.524."
"Who is the standout young player for Rajasthan Royals?","Vaibhav Sooryavanshi has been a revelation for RR scoring heavily with a massive strike rate of over 230."
"How many times has CSK made the playoffs?","Chennai Super Kings have made the playoffs 12 times in their IPL history though they missed out in 2026."
"Is Delhi Capitals out of the tournament?","Delhi Capitals finished the main stage with 12 points and a highly negative Net Run Rate eliminating them from playoff contention."
"Who is bowling well for Gujarat Titans besides Rabada?","Rashid Khan has had a strong season for GT taking 19 wickets in the group stage."
"What was the result of Punjab Kings this year?","Punjab Kings had a mixed season finishing the main stage with 13 points and missing out on automatic playoff qualification."
"How many titles have Mumbai Indians won historically?","Mumbai Indians have won 5 IPL championships historically."
"Who holds the record for most IPL centuries?","Virat Kohli holds the record for the most centuries in IPL history."
"What is the prize money for winning the IPL?","The winning franchise typically receives a prize of 20 crore rupees."
"Are there any new teams in IPL 2026?","No, the tournament consists of the same 10 franchise teams."
"Which team has the worst Net Run Rate this season?","Delhi Capitals finished with the lowest Net Run Rate at -0.871."
"Did Ishan Kishan play well against CSK?","Yes, Ishan Kishan smashed a 47-ball 70 for SRH to help defeat CSK at the Chepauk."
"Who is Pat Cummins playing for in 2026?","Pat Cummins is the captain of the Sunrisers Hyderabad."
"What time do afternoon IPL games start?","Afternoon matches begin at 3:30 PM IST."
"Can I watch the IPL for free?","Yes, JioCinema streams the IPL matches for free on mobile devices and smart TVs in India."
"Who is the best spinner in IPL 2026?","Rashid Khan remains one of the top spinners sitting in the top 5 for the Purple Cap."
"How many matches does each team play in the league stage?","Each team plays 14 matches during the group stage."
"What is the highest successful run chase in IPL history?","Punjab Kings hold the record for the highest successful run chase chasing down 262 against KKR in 2024."
"Will MS Dhoni play in IPL 2027?","It is currently unknown; MS Dhoni's future is always a subject of speculation at the end of every season."
"Which stadium is known as the Chepauk?","The M. A. Chidambaram Stadium in Chennai is commonly referred to as Chepauk."
"Which teams are fighting for the fourth playoff spot in IPL 2026?","Rajasthan Royals, Punjab Kings, Kolkata Knight Riders, and Delhi Capitals are all in contention for the final playoff spot."
"How many points does Rajasthan Royals have currently?","Rajasthan Royals have 14 points from 13 games with a Net Run Rate of +0.083."
"Can Punjab Kings still qualify for the 2026 playoffs?","Yes, Punjab Kings have 13 points and can qualify if they win their final match and other results go their way."
"What is Kolkata Knight Riders' Net Run Rate right now?","Kolkata Knight Riders have a Net Run Rate of +0.011 after 13 matches."
"What is the playoff scenario for Delhi Capitals?","Delhi Capitals are mathematically alive with 12 points but their poor Net Run Rate of -0.871 makes qualification highly unlikely."
"Who scored 79 for SRH against RCB?","Ishan Kishan scored a brilliant 79 for Sunrisers Hyderabad in their massive total against RCB."
"How many runs did Abhishek Sharma score in the match against RCB?","Abhishek Sharma scored 56 runs to help Sunrisers Hyderabad post 255/4."
"Who was the highest scorer for RCB in their chase of 256 against SRH?","Rajat Patidar top-scored for Royal Challengers Bengaluru with 56 off 39 balls."
"How many runs did Virat Kohli score against SRH recently?","Virat Kohli was dismissed for 15 runs off 11 balls during the run chase against SRH."
"Did Bhuvneshwar Kumar take any wickets against SRH?","No, Bhuvneshwar Kumar had a rare off day going wicketless and conceding 51 runs in 4 overs against SRH."
"Where will Qualifier 2 of IPL 2026 be played?","Qualifier 2 will be played at the Maharaja Yadavindra Singh International Cricket Stadium in New Chandigarh."
"When is Qualifier 1 taking place?","Qualifier 1 is scheduled for Tuesday, May 26, 2026."
"On what date is the IPL 2026 Eliminator match?","The Eliminator match will be held on Wednesday, May 27, 2026."
"Who is currently third on the Orange Cap list?","Heinrich Klaasen of Sunrisers Hyderabad is third on the Orange Cap list with 606 runs."
"How many runs has Vaibhav Sooryavanshi scored this season?","Vaibhav Sooryavanshi has scored 579 runs for Rajasthan Royals boasting a massive strike rate of 236.32."
"Who is the third highest wicket-taker in IPL 2026?","Anshul Kamboj of Chennai Super Kings is third on the Purple Cap list with 21 wickets."
"How many wickets does Eshan Malinga have in 2026?","Eshan Malinga has taken 19 wickets for Sunrisers Hyderabad breaking into the top 5 wicket-takers."
"Did LSG qualify for the 2026 playoffs?","No, Lucknow Super Giants were one of the first teams to be eliminated finishing with just 8 points."
"Which two teams were eliminated first in IPL 2026?","Lucknow Super Giants and Mumbai Indians were the first two teams to be mathematically eliminated."
"What was the final score in the SRH vs RCB group match?","SRH scored 255/4 and restricted RCB to 200/4 winning the match by 55 runs."
"Who hit 44 runs off 19 balls for RCB against SRH?","Venkatesh Iyer provided a quick start for RCB with 44 runs off 19 balls."
"Did Krunal Pandya play well for RCB against SRH?","Yes, Krunal Pandya remained unbeaten on 41 off 31 balls in the lower middle order."
"Why did Sunrisers Hyderabad finish third despite having 18 points?","SRH finished third because their Net Run Rate of +0.524 was lower than GT's +0.695 and RCB's +0.783."
"Which team finished in second place on the points table?","Gujarat Titans secured the second spot with 18 points and an NRR of +0.695."
"Who won the match between CSK and GT that eliminated CSK?","Gujarat Titans won that crucial match against Chennai Super Kings knocking CSK out of the tournament."
"How many games did Chennai Super Kings win this season?","Chennai Super Kings won 6 out of their 14 group stage matches."
"Who will play in Qualifier 1 of IPL 2026?","Royal Challengers Bengaluru will play against Gujarat Titans in Qualifier 1."
"What happens to the loser of Qualifier 1?","The loser of Qualifier 1 gets a second chance and will play in Qualifier 2 against the winner of the Eliminator."
"What happens to the loser of the Eliminator match?","The team that loses the Eliminator match is immediately knocked out of the tournament."
"How can I check the live IPL score?","You can check live IPL scores on the official IPL website, ESPN Cricinfo, Cricbuzz, or directly via Google Search."
"Is JioCinema streaming the IPL 2026 final in 4K?","Yes, JioCinema provides 4K streaming options for the IPL 2026 playoffs and final."
"Which TV channels are broadcasting the IPL in Hindi?","Star Sports 1 Hindi and Star Sports 1 Hindi HD broadcast the IPL matches with Hindi commentary."
"Can I watch IPL 2026 outside of India?","Yes, international broadcasting rights are held by various networks like Sky Sports in the UK and Willow TV in the US."
"What is the strike rate of Sai Sudharsan this year?","Sai Sudharsan has maintained a strong strike rate of 157.92 alongside his 638 runs."
"What is Shubman Gill's highest score this season?","Shubman Gill has accumulated 616 runs for the season while maintaining an excellent strike rate of 161.67."
"Who is the captain of Punjab Kings in IPL 2026?","Shreyas Iyer is leading the Punjab Kings franchise this season."
"Has MS Dhoni retired from IPL as of 2026?","MS Dhoni played the 2026 season for CSK and his official retirement status for future seasons remains unconfirmed."
"What is the seating capacity of the Narendra Modi Stadium?","The Narendra Modi Stadium in Ahmedabad has a seating capacity of 132000 making it the largest cricket stadium in the world."
"How long does the strategic timeout last in IPL?","Each team gets a strategic timeout of 2 minutes and 30 seconds during an innings."
"What is the maximum number of bouncers allowed per over in IPL 2026?","Bowlers are allowed to bowl two bouncers per over in the IPL."
"Can DRS be used to review wide balls?","Yes, players can use the Decision Review System (DRS) to challenge wide and no-ball calls."
"Who is the head coach of Royal Challengers Bengaluru?","Andy Flower is the head coach leading the setup for Royal Challengers Bengaluru."
"Did Jofra Archer play in IPL 2026?","Yes, Jofra Archer played for Rajasthan Royals though he was recently overtaken in the Purple Cap race by SRH's Eshan Malinga."
"What happens if a playoff match ends in a tie?","If a playoff match ends in a tie a Super Over is played to determine the winner."
"Who was the most expensive player in the 2026 auction?","Fast bowlers and premier all-rounders commanded the highest bids in the auction often crossing the 20 crore rupee threshold."
"How many playoffs have Royal Challengers Bengaluru qualified for historically?","RCB has qualified for the IPL playoffs on 11 occasions across their 19 seasons."
"Who scored the fastest century in IPL 2026?","Vaibhav Sooryavanshi of Rajasthan Royals scored the fastest century of the season in just 36 balls against SRH."
"What is the highest individual score in IPL 2026?","KL Rahul holds the record for the highest individual score this season with an unbeaten 152."
"Is KL Rahul's 152 the highest score by an Indian in IPL history?","Yes, KL Rahul's 152 not out in 2026 stands as the highest individual score by an Indian batter in IPL history."
"Who scored the fastest fifty in IPL 2026?","Urvil Patel scored a 13-ball half-century equalling the all-time IPL record."
"How many centuries have been scored in IPL 2026 so far?","There have been 9 centuries scored in the IPL 2026 season so far."
"Who scored the first century of the IPL 2026 season?","Sanju Samson scored the very first century of the 2026 tournament."
"Did Abhishek Sharma score a century this year?","Yes, Abhishek Sharma scored a massive 135 not out for Sunrisers Hyderabad earlier in the season."
"Who scored a 16-ball fifty for Punjab Kings?","Youngster Priyansh Arya smashed a 16-ball fifty for the Punjab Kings."
"Which team finished last in the IPL 2026 points table?","Lucknow Super Giants finished at the absolute bottom of the table with 8 points and a Net Run Rate of -0.702."
"Did Mumbai Indians finish last?","Mumbai Indians finished 9th tied on 8 points with LSG but placed higher due to a slightly better Net Run Rate of -0.510."
"Why did Punjab Kings finish above Kolkata Knight Riders?","Both teams finished with 13 points but Punjab Kings took 5th place with a Net Run Rate of +0.227 compared to KKR's +0.011."
"What was Delhi Capitals' final standing?","Delhi Capitals finished in 8th place with 12 points and a poor Net Run Rate of -0.871."
"Which team had the best Net Run Rate in the group stage?","Royal Challengers Bengaluru had the best Net Run Rate at +0.783."
"Who is KKR's standout young fast bowler in 2026?","Kartik Tyagi has been a revelation for KKR breaking into the top wicket-takers list with 18 scalps."
"Is Jofra Archer playing in the 2026 IPL?","Yes, Jofra Archer has played a key role for Rajasthan Royals picking up 18 wickets."
"Who is the leading run-scorer for Lucknow Super Giants in 2026?","Mitchell Marsh is LSG's top run-scorer with 563 runs."
"How many runs has Virat Kohli scored in IPL 2026?","Virat Kohli accumulated 557 runs during the league stage including a brilliant 105 not out."
"Who won the Orange Cap last year in 2025?","Sai Sudharsan of Gujarat Titans won the Orange Cap in 2025 with 759 runs."
"Who has won the most Orange Caps in IPL history?","David Warner holds the record with three Orange Caps in 2015, 2017, and 2019."
"Who was the first player to win the Orange Cap?","Australian Shaun Marsh won the inaugural Orange Cap in 2008 with Kings XI Punjab."
"Who was the first Indian to win the Orange Cap?","Sachin Tendulkar was the first Indian to win the award in 2010."
"Has any player won the Orange Cap and the IPL trophy in the same year?","Yes, only two players have done it: Robin Uthappa in 2014 and Ruturaj Gaikwad in 2021."
"What is Bhuvneshwar Kumar's economy rate in IPL 2026?","Bhuvneshwar Kumar has maintained an excellent economy rate of 8.07 across 14 matches."
"What is Kagiso Rabada's economy rate this season?","Kagiso Rabada holds an economy rate of 9.18 to go along with his 24 wickets."
"Who is fifth on the Orange Cap list?","Ishan Kishan of SRH is currently fifth on the Orange Cap list with 569 runs."
"Who is Sunrisers Hyderabad's top wicket-taker?","Eshan Malinga leads the SRH bowling attack with 19 wickets."
"Who is the captain of Chennai Super Kings in 2026?","Ruturaj Gaikwad is the captain of the Chennai Super Kings."
"How many matches did KKR win in the group stage?","Kolkata Knight Riders won 6 out of their 13 group stage matches."
"How many matches did RCB lose this season?","Royal Challengers Bengaluru lost exactly 5 matches during the league stage."
"What was the result of Gujarat Titans vs Chennai Super Kings?","Gujarat Titans defeated Chennai Super Kings which officially knocked CSK out of playoff contention."
"Who took 4 wickets for 23 runs in a match this year?","Bhuvneshwar Kumar recorded best figures of 4/23 for RCB."
"Who had the best bowling figures for Gujarat Titans?","Rashid Khan recorded his season-best figures of 4/33."
"What is the strike rate of Heinrich Klaasen this year?","Heinrich Klaasen has been incredibly destructive with a strike rate of 159.47."
"How many runs does KL Rahul have in IPL 2026?","KL Rahul has scored 533 runs for the Delhi Capitals this season."
"What is Abhishek Sharma's strike rate?","Abhishek Sharma boasts a massive strike rate of over 200 this season."
"Who scored 84 runs for GT against CSK?","Sai Sudharsan played a match-winning knock of 84 against Chennai Super Kings."
"Which team has a Net Run Rate of +0.083?","Rajasthan Royals finished with a Net Run Rate of +0.083."
"Did MS Dhoni play all matches for CSK in 2026?","MS Dhoni participated in the 2026 season heavily utilizing the Impact Player rule to manage his workload."
"Who is fourth on the Purple Cap list?","Rashid Khan of the Gujarat Titans is fourth with 19 wickets."
"What is Anshul Kamboj's economy rate?","Anshul Kamboj has taken 21 wickets but has a slightly higher economy rate of 10.52."
"How many wins does RR have?","Rajasthan Royals secured 7 wins in their 13 group stage matches."
"How many points are awarded for a win in the IPL?","A team receives 2 points for every match they win."
"What happens in the case of a tie in the group stage?","If a match is tied a Super Over is played to determine the winner and allocate the 2 points."
"Who is the sponsor of the 2026 IPL?","The Tata Group continues to be the title sponsor for the Indian Premier League."
"Who is the captain of Lucknow Super Giants in IPL 2026?","Rishabh Pant is the captain and wicketkeeper for Lucknow Super Giants."
"How many runs did Mitchell Marsh score for LSG in 2026?","Mitchell Marsh was LSG's top scorer accumulating 563 runs including two centuries."
"Who was the second highest run-scorer for Lucknow Super Giants?","Skipper Rishabh Pant was the second highest contributor with 286 runs."
"Which player made his debut for LSG against Punjab Kings?","Arjun Tendulkar made his debut for Lucknow Super Giants in their final league match against PBKS."
"What happens to Punjab Kings if they lose their final match?","A loss in their final league match will officially eliminate Punjab Kings from playoff contention."
"Who is the head coach of Mumbai Indians in IPL 2026?","Mahela Jayawardene serves as the head coach for Mumbai Indians."
"Who is the captain of Mumbai Indians this season?","Hardik Pandya is the skipper of the Mumbai Indians."
"Which team does Marcus Stoinis play for in 2026?","Marcus Stoinis is part of the Punjab Kings squad."
"Is Yuzvendra Chahal playing for Rajasthan Royals this year?","No, Yuzvendra Chahal is playing for the Punjab Kings in the 2026 season."
"Which team drafted Mohammed Shami for IPL 2026?","Mohammed Shami is part of the Lucknow Super Giants squad."
"Who keeps wickets for Punjab Kings?","Prabhsimran Singh is the designated wicketkeeper for the Punjab Kings."
"Does Rishabh Pant keep wickets for LSG?","Yes, Rishabh Pant serves as both the captain and the primary wicketkeeper for LSG."
"Which team does fast bowler Mayank Yadav play for?","Mayank Yadav is a fast bowler for the Lucknow Super Giants."
"Who was the top run-scorer at the end of the group stage?","Sai Sudharsan of Gujarat Titans finished the group stage on top with 638 runs."
"Who was the leading wicket-taker after the group stage?","Bhuvneshwar Kumar of RCB led the bowling charts with 24 wickets."
"Where was the SRH vs RCB group match played?","The high-scoring match between SRH and RCB took place at the Rajiv Gandhi International Stadium in Hyderabad."
"Did Devdutt Padikkal score a fifty in the chase against SRH?","No, Devdutt Padikkal scored 21 off 14 balls in that match."
"How many teams advance to the IPL playoffs?","The top four teams from the points table advance to the playoffs."
"What advantage do the top two teams have in the playoffs?","The teams finishing first and second get two opportunities to reach the final by playing in Qualifier 1."
"Did Sunrisers Hyderabad and Gujarat Titans finish with the same points?","Yes, RCB, GT, and SRH all finished the group stage tied with 18 points."
"Which teams compete in the Eliminator match?","The teams that finish third and fourth on the points table play against each other in the Eliminator."
"Which team will RCB face in Qualifier 1?","Royal Challengers Bengaluru will face Gujarat Titans in Qualifier 1."
"Did Chennai Super Kings finish with a positive Net Run Rate?","No, CSK finished the 2026 group stage with a negative Net Run Rate of -0.345."
"How many matches did Mumbai Indians win in 2026?","Mumbai Indians had a poor season winning only 4 out of their 13 group stage matches."
"Which teams had the most losses in the group stage?","Mumbai Indians and Lucknow Super Giants both suffered 9 losses during their campaigns."
"Did Rajasthan Royals struggle at the end of the league stage?","Yes, Rajasthan Royals suffered a slump in form losing three consecutive matches late in the group stage."
"How many points did RR have heading into their final matches?","Rajasthan Royals had 14 points from 13 games."
"Can a team qualify for the playoffs with 14 points?","Yes, depending on other teams' results and Net Run Rate, 14 points can sometimes be enough to secure the fourth playoff spot."
"Where is the home ground for Rajasthan Royals?","The Sawai Mansingh Stadium in Jaipur serves as the home ground for the Rajasthan Royals."
"Who is known for bowling extreme pace for LSG?","Mayank Yadav is known for his express pace in the LSG bowling attack."
"Are there any changes in the WPL 2026 standings compared to IPL?","The Women's Premier League (WPL) 2026 is a separate tournament which was won by Royal Challengers Bengaluru earlier in the year."
"Which team had the lowest Net Run Rate this season?","Delhi Capitals finished with the worst Net Run Rate at -0.871."
"What happens if an Impact Player gets injured?","A substitute fielder can come on but the team cannot name a second Impact Player; the substitution is final."
"How long are the boundaries in an IPL match?","Boundary sizes vary by stadium but generally range between 65 meters to 85 meters from the pitch."
"Who is the official broadcaster for IPL 2026 on television?","The Star Sports Network holds the television broadcasting rights for the IPL 2026 season."
"Which digital platform has the streaming rights for IPL 2026?","JioCinema holds the digital streaming rights and streams the matches for free in India."
"Are there strategic timeouts in the playoffs?","Yes, the standard two strategic timeouts per innings are still enforced during playoff matches."
"Is there a reserve day for the IPL 2026 Final?","Yes, a reserve day is scheduled for the IPL Final in case the match cannot be completed due to rain."
"How is the Man of the Match decided?","The Man of the Match is awarded by commentators and experts based on the most impactful performance in the game."
"When does the IPL mega auction usually happen?","Mega auctions typically occur every three to four years resetting team squads with strict retention rules."
 "Who is the best batter in IPL 2026?","Sai Sudharsan of the Gujarat Titans is the best batter in IPL 2026, holding the Orange Cap with 638 runs."
"Who is the best batsman in IPL 2026?","Sai Sudharsan of the Gujarat Titans is leading the batting charts with 638 runs, holding the Orange Cap."
"Who is the top batter in IPL 2026?","Sai Sudharsan of the Gujarat Titans is the top batter in IPL 2026 with 638 runs and the Orange Cap."
"Who is the best batsman this season?","Sai Sudharsan has been the standout batter this season for Gujarat Titans, topping the Orange Cap charts with 638 runs."
